Timestamp,Accel X,Accel Y,Accel Z,Gyro X,Gyro Y,Gyro Z,Magnet X,Magnet Y,Magnet Z
2024-07-04 01:39:17,5.82421875,1.83984375,7.73828125,-0.00390625,0.0,-0.041015625,-17.75,27.75,-28.5625
2024-07-04 01:39:18,5.859375,1.83984375,7.6953125,0.0,0.005859375,-0.0234375,-19.25,27.375,-30.5625
2024-07-04 01:39:19,5.859375,1.83984375,7.6953125,-0.00390625,0.001953125,0.01171875,-19.25,27.0625,-30.1875
2024-07-04 01:39:20,5.8984375,1.83984375,7.6953125,0.0,-0.001953125,0.001953125,-19.25,26.6875,-29.0
2024-07-04 01:39:21,5.9375,1.80078125,7.73828125,0.00390625,-0.00390625,-0.00390625,-18.875,27.75,-29.8125
2024-07-04 01:39:22,5.8984375,1.83984375,7.6953125,0.0,0.00390625,-0.005859375,-18.875,26.6875,-31.8125
2024-07-04 01:39:23,5.8984375,1.83984375,7.6953125,0.0,0.0,0.0,-19.25,26.3125,-29.8125
2024-07-04 01:39:24,5.8984375,1.83984375,7.6953125,0.0,0.0,0.0,-18.5,26.6875,-30.625
2024-07-04 01:39:25,5.8984375,1.83984375,7.73828125,0.0,0.0,0.0,-19.625,27.0625,-30.625
2024-07-04 01:39:26,5.8984375,1.83984375,7.6953125,0.0,0.0,0.0,-18.875,28.875,-31.4375
2024-07-04 01:39:27,5.8984375,1.83984375,7.6953125,0.0,0.0,0.0,-18.875,27.0625,-29.8125
2024-07-04 01:39:28,5.8984375,1.83984375,7.73828125,0.0,-0.001953125,0.01171875,-19.25,27.0625,-29.8125
2024-07-04 01:39:29,5.8984375,1.83984375,7.6953125,0.009765625,-0.001953125,-0.021484375,-18.875,27.0625,-30.1875
2024-07-04 01:39:30,5.9375,1.83984375,7.69921875,-0.0078125,0.00390625,-0.009765625,-18.5,28.5,-27.0
2024-07-04 01:39:31,5.8984375,1.83984375,7.6953125,0.00390625,0.0,0.00390625,-19.25,27.4375,-30.625
2024-07-04 01:39:32,5.8984375,1.83984375,7.6953125,-0.013671875,-0.00390625,0.001953125,-18.875,27.75,-31.0
2024-07-04 01:39:33,5.8984375,1.83984375,7.6953125,0.0,0.0,0.0,-20.375,28.5,-29.8125
2024-07-04 01:39:34,5.8984375,1.83984375,7.6953125,-0.01171875,0.00390625,0.001953125,-18.5,27.75,-30.1875
2024-07-04 01:39:35,5.8984375,1.83984375,7.6953125,0.00390625,0.0,-0.005859375,-18.5,26.6875,-30.625
2024-07-04 01:39:36,6.20703125,3.21875,8.0390625,0.232421875,-1.201171875,2.953125,-18.5,23.3125,-34.25
2024-07-04 01:39:37,6.93359375,4.3671875,-2.3359375,-1.056640625,0.359375,0.583984375,-54.5,-21.5,16.9375
2024-07-04 01:39:38,6.546875,5.40234375,-3.67578125,-0.05078125,-0.31640625,-0.515625,-54.875,-23.6875,15.3125
2024-07-04 01:39:39,0.765625,11.33984375,0.0390625,3.03125,2.13671875,-0.48046875,-64.5,-7.75,16.125
2024-07-04 01:39:40,23.71484375,-19.4609375,-7.203125,-5.08984375,-3.24609375,-2.0625,-65.25,-7.375,19.3125
2024-07-04 01:39:41,12.2578125,-17.77734375,-2.22265625,-1.859375,0.931640625,0.619140625,-65.25,-3.6875,14.875
2024-07-04 01:39:42,11.03125,3.06640625,-0.7265625,0.060546875,0.052734375,1.388671875,-66.3125,-5.5,14.875
2024-07-04 01:39:43,1.9140625,21.26171875,2.60546875,4.7421875,0.787109375,-0.009765625,-66.6875,-2.1875,11.25
2024-07-04 01:39:44,16.28125,-2.3359375,-2.91015625,-4.1640625,-2.033203125,-0.423828125,-67.0625,-3.3125,16.0625
2024-07-04 01:39:45,14.6328125,-7.39453125,-9.34765625,3.638671875,0.55078125,-0.189453125,-68.1875,-2.9375,20.9375
2024-07-04 01:39:46,13.1015625,10.6484375,-4.86328125,-0.703125,0.4375,0.404296875,-67.0625,-1.0625,29.8125
2024-07-04 01:39:47,15.44140625,-7.9296875,-8.16015625,-3.697265625,-0.875,-1.09765625,-67.4375,-1.4375,27.375
2024-07-04 01:39:48,7.9296875,2.94921875,-4.2890625,-0.96875,0.123046875,0.1484375,-67.0625,0.0,27.75
2024-07-04 01:39:50,2.3359375,9.92578125,-1.37890625,-2.396484375,-0.470703125,1.103515625,-66.6875,-1.8125,30.625
2024-07-04 01:39:51,8.77734375,4.328125,-5.59375,-1.505859375,0.08984375,0.818359375,-53.0,-9.625,50.375
2024-07-04 01:39:52,9.08203125,2.87109375,-6.2421875,1.826171875,0.884765625,0.453125,-67.4375,-0.3125,33.4375
2024-07-04 01:39:53,7.46875,-3.2578125,-9.00390625,0.1875,-0.615234375,-0.337890625,-60.0,8.875,50.3125
2024-07-04 01:39:54,1.609375,9.34375,-3.67578125,10.21484375,0.03515625,3.865234375,-58.1875,-13.3125,34.625
2024-07-04 01:39:55,6.359375,-14.75,-1.76171875,7.359375,1.154296875,2.27734375,-65.25,8.5,43.0625
2024-07-04 01:39:56,3.5234375,8.0078125,0.7265625,-9.0859375,-0.82421875,-3.03125,-63.75,-3.3125,37.4375
2024-07-04 01:39:57,2.94921875,20.91796875,3.02734375,4.04296875,2.798828125,1.935546875,-59.3125,-15.1875,31.375
2024-07-04 01:39:58,5.9375,7.4296875,-2.10546875,5.369140625,1.962890625,2.955078125,-62.25,-8.125,35.8125
2024-07-04 01:39:59,11.76171875,-12.02734375,-11.22265625,3.298828125,1.78515625,1.58984375,-65.1875,-0.6875,37.0
2024-07-04 01:40:00,13.56640625,-10.95703125,-11.30078125,-4.3203125,-1.48046875,-0.99609375,-63.375,2.5625,38.625
2024-07-04 01:40:01,12.56640625,-10.11328125,-11.453125,-5.1015625,-0.95703125,-1.462890625,-63.375,0.0,39.8125
2024-07-04 01:40:02,2.8359375,11.64453125,-1.6484375,-5.74609375,-2.068359375,-2.99609375,-63.75,-4.4375,38.625
2024-07-04 01:40:03,10.91796875,2.22265625,-6.89453125,0.73828125,-0.76171875,-0.201171875,-64.5,-0.3125,36.1875
2024-07-04 01:40:04,13.484375,-14.78125,-10.87890625,5.552734375,1.884765625,1.861328125,-57.4375,-14.4375,35.375
2024-07-04 01:40:05,6.62890625,-4.21484375,-2.3359375,3.306640625,1.76171875,1.423828125,-54.4375,-18.875,32.5625
2024-07-04 01:40:06,1.83984375,11.4921875,-0.91796875,6.24609375,2.701171875,1.080078125,-59.3125,-9.25,33.0
2024-07-04 01:40:07,-8.16015625,8.390625,-1.265625,-12.099609375,-4.39453125,-7.337890625,-63.375,0.6875,35.8125
2024-07-04 01:40:08,12.10546875,-8.8125,-2.453125,4.064453125,8.748046875,-0.255859375,-62.625,-8.5,23.6875
2024-07-04 01:40:09,10.03515625,-5.09375,-6.703125,6.345703125,4.73828125,1.970703125,-55.9375,-11.8125,41.0
2024-07-04 01:40:10,-18.6171875,24.859375,6.8203125,-4.423828125,-2.400390625,-1.607421875,-51.875,-21.8125,30.5625
2024-07-04 01:40:11,14.86328125,-8.0078125,1.1484375,-10.552734375,-7.708984375,-3.8515625,-55.9375,-16.25,28.5
2024-07-04 01:40:12,8.390625,6.47265625,1.6484375,9.025390625,5.21875,4.5234375,-64.4375,-4.4375,29.3125
2024-07-04 01:40:13,-11.30078125,12.7578125,4.90234375,-2.2890625,-1.36328125,-0.916015625,-65.5625,-1.4375,27.3125
2024-07-04 01:40:14,-10.6484375,23.25390625,2.6796875,9.783203125,5.796875,3.63671875,-57.8125,-15.1875,28.9375
2024-07-04 01:40:15,18.1953125,-20.26953125,0.23046875,1.703125,3.150390625,-2.82421875,-66.6875,4.4375,27.6875
2024-07-04 01:40:16,28.42578125,-29.4140625,-3.79296875,2.529296875,2.869140625,-1.2421875,-66.3125,2.9375,22.5
2024-07-04 01:40:17,26.43359375,-14.51953125,-0.91796875,11.146484375,5.796875,3.859375,-64.4375,-3.3125,20.875
2024-07-04 01:40:18,7.08984375,0.15234375,4.86328125,8.65234375,6.7890625,-1.38671875,-66.6875,2.9375,17.25
2024-07-04 01:40:19,27.16015625,-17.27734375,4.25390625,-10.07421875,-8.640625,-4.787109375,-63.0,-7.375,17.25
2024-07-04 01:40:20,-2.94921875,8.88671875,11.71875,-10.287109375,-10.72265625,-2.787109375,-59.625,-14.8125,24.875
2024-07-04 01:40:21,-13.0234375,20.1484375,10.3828125,15.798828125,4.94921875,4.744140625,-61.5,-12.9375,28.875
2024-07-04 01:40:22,14.51953125,-18.1953125,11.5703125,16.84375,14.013671875,-5.443359375,-67.4375,7.375,26.875
2024-07-04 01:40:23,30.53125,-39.30859375,0.3828125,-13.96875,-9.564453125,-5.193359375,-66.6875,4.4375,18.0625
2024-07-04 01:40:24,18.54296875,-8.54296875,8.3515625,-11.900390625,-7.6171875,-6.203125,-62.9375,-8.125,18.0
2024-07-04 01:40:25,1.72265625,4.828125,9.12109375,-9.1796875,-8.47265625,-1.65625,-62.1875,-9.25,27.625
2024-07-04 01:40:26,-10.53515625,17.89453125,2.4140625,1.17578125,-2.33984375,1.599609375,-62.1875,-6.625,34.5
2024-07-04 01:40:27,-1.6484375,17.23828125,8.42578125,13.0625,4.224609375,2.48828125,-66.3125,1.4375,31.25
2024-07-04 01:40:28,7.546875,-6.20703125,8.921875,14.08203125,8.55859375,-3.296875,-67.375,6.25,17.1875
2024-07-04 01:40:29,18.08203125,-8.58203125,4.3671875,-11.55859375,-4.494140625,-5.6953125,-66.6875,0.3125,18.8125
2024-07-04 01:40:30,-12.56640625,30.33984375,17.31640625,8.02734375,-0.271484375,3.078125,-63.6875,-3.6875,29.25
2024-07-04 01:40:31,-6.3203125,18.66015625,7.546875,18.74609375,10.62109375,1.119140625,-68.875,12.5625,18.8125
2024-07-04 01:40:32,21.60546875,-33.7109375,-0.91796875,-8.1484375,-3.232421875,-3.19140625,-67.375,3.3125,22.8125
2024-07-04 01:40:33,17.62109375,-15.16796875,2.87109375,-10.505859375,-6.248046875,-7.103515625,-64.8125,-0.3125,20.8125
2024-07-04 01:40:34,4.63671875,1.03515625,7.43359375,-13.73046875,-8.205078125,-1.728515625,-64.4375,-6.25,23.625
2024-07-04 01:40:35,-0.8046875,20.23046875,13.17578125,2.787109375,-1.853515625,-0.07421875,-64.8125,-4.0625,24.8125
2024-07-04 01:40:36,-3.90625,23.2890625,6.28125,11.5390625,3.896484375,2.23046875,-64.0625,-4.4375,30.0
2024-07-04 01:40:37,0.3046875,21.41796875,0.84375,10.615234375,3.859375,2.3828125,-68.125,6.625,28.375
2024-07-04 01:40:38,17.66015625,-16.28125,-4.2890625,-2.3671875,-0.34765625,-0.849609375,-66.25,1.4375,27.1875
2024-07-04 01:40:39,12.68359375,-5.28515625,-0.8828125,-5.935546875,-2.73828125,-2.53515625,-64.0625,-4.8125,26.0
2024-07-04 01:40:40,11.8359375,-0.91796875,5.25,-6.033203125,-3.21484375,-1.89453125,-65.5625,-2.9375,25.1875
2024-07-04 01:40:41,-2.0703125,19.76953125,2.87109375,1.9921875,0.201171875,2.232421875,-66.25,2.1875,32.0
2024-07-04 01:40:42,8.6953125,-30.68359375,10.99609375,20.34375,2.322265625,1.572265625,-68.125,17.0,29.1875
2024-07-04 01:40:43,8.15625,4.671875,-1.87890625,-16.5234375,-6.009765625,-3.296875,-65.875,-1.8125,24.0
2024-07-04 01:40:44,8.23828125,4.25390625,-1.109375,-0.0078125,1.6875,-0.123046875,-63.3125,-2.9375,0.375
2024-07-04 01:40:45,9.0390625,1.609375,3.67578125,0.0234375,0.02734375,-0.01171875,-44.8125,10.3125,-24.375
2024-07-04 01:40:46,9.1171875,1.41796875,4.13671875,-0.0234375,0.0390625,0.0859375,-47.0,11.4375,-24.0
2024-07-04 01:40:47,9.078125,1.41796875,4.09765625,0.01953125,0.046875,0.001953125,-45.5,12.5625,-24.375
2024-07-04 01:40:48,9.00390625,1.45703125,4.3671875,-0.033203125,0.0078125,-0.001953125,-43.6875,12.5625,-23.1875
2024-07-04 01:40:50,8.96484375,1.41796875,4.328125,0.001953125,-0.001953125,-0.005859375,-44.0625,12.9375,-25.1875
2024-07-04 01:40:51,9.04296875,1.41796875,4.51953125,-0.009765625,-0.0078125,0.015625,-43.3125,13.3125,-25.5625
2024-07-04 01:40:52,8.88671875,1.41796875,4.51953125,0.009765625,0.01171875,-0.0078125,-42.9375,12.1875,-23.5625
2024-07-04 01:40:53,8.88671875,1.41796875,4.51953125,0.001953125,0.0234375,0.00390625,-42.9375,10.6875,-27.1875
2024-07-04 01:40:54,8.8828125,1.41796875,4.59765625,-0.060546875,-0.046875,0.05078125,-42.1875,12.5625,-27.1875
2024-07-04 01:40:55,8.84375,1.37890625,4.63671875,-0.0078125,0.046875,0.021484375,-42.5625,11.8125,-25.1875
2024-07-04 01:40:56,8.81640625,1.41796875,4.671875,0.00390625,0.009765625,-0.0078125,-42.9375,14.0625,-26.375
2024-07-04 01:40:57,8.84375,1.37890625,4.671875,0.005859375,-0.001953125,0.005859375,-42.5625,11.8125,-26.0
2024-07-04 01:40:58,8.84765625,1.37890625,4.75,-0.001953125,0.0,0.0,-42.1875,12.9375,-26.8125
2024-07-04 01:40:59,8.8125,1.37890625,4.75,0.00390625,-0.009765625,-0.005859375,-41.8125,12.1875,-26.0
2024-07-04 01:41:00,8.77734375,1.37890625,4.75,0.001953125,0.00390625,-0.005859375,-40.3125,11.8125,-26.8125
2024-07-04 01:41:01,8.77734375,1.37890625,4.828125,0.00390625,-0.005859375,0.0078125,-41.8125,13.6875,-28.0
2024-07-04 01:41:02,8.77734375,1.37890625,4.828125,0.005859375,-0.005859375,-0.00390625,-41.4375,12.1875,-26.75
2024-07-04 01:41:03,8.73828125,1.37890625,4.828125,-0.00390625,0.00390625,0.00390625,-41.0625,14.4375,-27.5625
2024-07-04 01:41:04,8.6953125,1.37890625,4.828125,0.005859375,-0.01171875,0.001953125,-42.5625,11.8125,-26.8125
2024-07-04 01:41:05,8.73828125,1.37890625,4.86328125,0.0078125,-0.00390625,0.001953125,-39.25,11.4375,-26.375
2024-07-04 01:41:06,8.6953125,1.37890625,4.86328125,-0.001953125,0.0,-0.005859375,-41.0625,14.0625,-26.375
2024-07-04 01:41:07,8.66015625,1.37890625,4.90234375,0.0,0.005859375,-0.00390625,-40.6875,12.1875,-27.5625
2024-07-04 01:41:08,8.6953125,1.37890625,4.90234375,0.0,0.001953125,0.00390625,-41.4375,13.3125,-27.1875
2024-07-04 01:41:09,8.66015625,1.41796875,4.90234375,-0.001953125,0.0078125,-0.001953125,-40.6875,12.9375,-23.5625
2024-07-04 01:41:10,8.69921875,1.41796875,4.94140625,0.001953125,0.0,-0.009765625,-40.3125,12.1875,-27.5625
2024-07-04 01:41:11,8.65625,1.37890625,4.94140625,0.001953125,0.005859375,0.01171875,-41.0625,11.8125,-27.625
2024-07-04 01:41:12,8.65625,1.41796875,4.94140625,0.005859375,0.0,-0.0078125,-40.3125,12.9375,-24.8125
2024-07-04 01:41:13,8.65625,1.41796875,4.94140625,-0.01171875,-0.005859375,0.013671875,-41.0625,14.4375,-26.8125
2024-07-04 01:41:14,8.6171875,1.41796875,4.98046875,0.0,0.005859375,0.005859375,-40.0,14.8125,-26.375
2024-07-04 01:41:15,8.65625,1.41796875,4.98046875,0.0,-0.005859375,0.0,-40.0,14.0625,-28.0
2024-07-04 01:41:16,8.54296875,1.37890625,5.1328125,-0.03125,0.03125,0.166015625,-40.0,14.4375,-28.0
2024-07-04 01:41:17,8.62109375,1.41796875,5.01953125,-0.001953125,0.0,0.001953125,-39.625,12.5625,-27.1875
2024-07-04 01:41:18,8.62109375,1.41796875,5.01953125,-0.001953125,0.001953125,0.009765625,-40.375,12.1875,-27.1875
2024-07-04 01:41:19,8.62109375,1.41796875,5.01953125,0.0,0.00390625,0.009765625,-39.25,12.5625,-27.1875
2024-07-04 01:41:20,8.578125,1.41796875,5.0546875,0.005859375,-0.00390625,0.00390625,-39.625,13.6875,-26.8125
2024-07-04 01:41:21,8.578125,1.41796875,5.0546875,0.0,-0.00390625,0.01953125,-39.625,13.6875,-26.375
2024-07-04 01:41:22,8.578125,1.41796875,5.0546875,-0.001953125,0.00390625,-0.013671875,-39.625,12.1875,-23.625
2024-07-04 01:41:23,8.578125,1.41796875,5.0546875,-0.0078125,0.001953125,-0.001953125,-40.0,12.9375,-27.1875
2024-07-04 01:41:24,8.578125,1.41796875,5.0546875,0.0,0.0078125,-0.01953125,-40.375,12.1875,-27.1875
2024-07-04 01:41:25,8.578125,1.33984375,5.0546875,-0.001953125,-0.001953125,0.01171875,-39.25,13.3125,-27.1875
2024-07-04 01:41:26,8.54296875,1.41796875,5.09375,0.001953125,0.00390625,-0.01953125,-38.5,12.1875,-26.0
2024-07-04 01:41:27,8.54296875,1.41796875,5.09375,-0.001953125,0.001953125,-0.01953125,-38.5,12.1875,-27.625
2024-07-04 01:41:28,8.54296875,1.41796875,5.09375,0.00390625,-0.001953125,0.005859375,-38.5,14.4375,-26.4375
2024-07-04 01:41:29,8.54296875,1.41796875,5.09375,-0.001953125,0.0,-0.013671875,-38.5,12.5625,-28.0
2024-07-04 01:41:30,8.54296875,1.41796875,5.09375,0.0,0.0,-0.00390625,-40.6875,14.0625,-28.4375
2024-07-04 01:41:31,8.54296875,1.41796875,5.09375,0.00390625,0.001953125,-0.001953125,-40.0,14.0625,-27.625
2024-07-04 01:41:32,8.54296875,1.41796875,5.1328125,0.00390625,0.00390625,0.0,-38.5,11.0625,-28.0
2024-07-04 01:41:33,8.54296875,1.41796875,5.1328125,0.00390625,0.0,-0.013671875,-39.25,12.9375,-26.0
2024-07-04 01:41:34,8.54296875,1.41796875,5.1328125,0.0,0.0,-0.013671875,-38.125,12.5625,-28.0
2024-07-04 01:41:35,8.54296875,1.41796875,5.1328125,-0.005859375,-0.00390625,0.00390625,-39.625,12.1875,-28.0
2024-07-04 01:41:36,8.54296875,1.41796875,5.1328125,-0.001953125,0.0,0.0,-40.375,12.5625,-27.25
2024-07-04 01:41:37,8.54296875,1.41796875,5.1328125,0.00390625,-0.001953125,-0.013671875,-37.75,15.1875,-28.0
2024-07-04 01:41:38,8.5,1.41796875,5.171875,-0.001953125,0.0,-0.00390625,-39.625,13.3125,-27.1875
2024-07-04 01:41:39,8.5390625,1.41796875,5.171875,0.0,0.00390625,0.00390625,-39.25,14.4375,-27.625
2024-07-04 01:41:40,8.50390625,1.41796875,5.1328125,0.00390625,0.0,-0.009765625,-39.625,14.0625,-26.4375
2024-07-04 01:41:41,8.5,1.41796875,5.171875,0.00390625,0.005859375,-0.009765625,-38.5,12.9375,-28.0
2024-07-04 01:41:42,8.5,1.41796875,5.171875,-0.001953125,0.0,0.021484375,-38.5,13.6875,-28.0
2024-07-04 01:41:43,8.50390625,1.41796875,5.2109375,0.009765625,-0.00390625,-0.015625,-38.125,11.0625,-24.8125
2024-07-04 01:41:44,8.50390625,1.41796875,5.2109375,0.001953125,-0.001953125,0.001953125,-38.5,13.6875,-28.0
2024-07-04 01:41:45,8.50390625,1.41796875,5.2109375,0.00390625,0.0078125,0.013671875,-38.125,13.3125,-28.4375
2024-07-04 01:41:46,8.50390625,1.41796875,5.2109375,0.00390625,-0.00390625,-0.001953125,-39.25,12.1875,-26.0
2024-07-04 01:41:47,8.50390625,1.41796875,5.2109375,0.005859375,-0.00390625,-0.0078125,-38.875,12.9375,-27.625
2024-07-04 01:41:48,8.50390625,1.41796875,5.2109375,0.009765625,-0.0078125,-0.001953125,-40.0,12.9375,-28.4375
2024-07-04 01:41:49,8.46484375,1.41796875,5.2109375,0.001953125,-0.001953125,-0.025390625,-39.625,14.8125,-28.0
2024-07-04 01:41:51,8.46484375,1.41796875,5.2109375,0.00390625,-0.00390625,-0.001953125,-38.5,12.9375,-28.0
2024-07-04 01:41:52,8.46484375,1.41796875,5.2109375,0.00390625,0.001953125,0.009765625,-38.875,11.8125,-26.0
2024-07-04 01:41:53,8.46484375,1.41796875,5.2109375,-0.001953125,-0.001953125,-0.01171875,-38.875,14.0625,-29.25
2024-07-04 01:41:54,8.46484375,1.41796875,5.25,0.0,-0.005859375,-0.009765625,-39.25,14.4375,-28.8125
2024-07-04 01:41:55,8.46484375,1.41796875,5.2109375,0.00390625,-0.001953125,0.0,-38.5,13.6875,-27.1875
2024-07-04 01:41:56,8.421875,1.41796875,5.25,0.00390625,-0.00390625,0.025390625,-38.5,14.0625,-26.8125
2024-07-04 01:41:57,8.46484375,1.41796875,5.25,0.005859375,-0.00390625,0.009765625,-37.375,15.5,-28.0625
2024-07-04 01:41:58,8.46484375,1.41796875,5.28515625,0.0,-0.005859375,0.013671875,-38.125,11.8125,-28.0
2024-07-04 01:41:59,8.421875,1.45703125,5.25,0.0,0.001953125,-0.013671875,-39.25,14.4375,-27.625
2024-07-04 01:42:00,8.421875,1.41796875,5.25,-0.00390625,0.0,0.005859375,-38.5,13.3125,-29.25
2024-07-04 01:42:01,8.46484375,1.41796875,5.25,-0.001953125,0.0,0.009765625,-38.125,14.0625,-30.4375
2024-07-04 01:42:02,8.46484375,1.41796875,5.28515625,0.0,-0.001953125,0.001953125,-39.25,13.6875,-28.8125
2024-07-04 01:42:03,8.421875,1.41796875,5.25,-0.00390625,-0.001953125,-0.0078125,-38.125,12.5625,-29.625
2024-07-04 01:42:04,8.421875,1.41796875,5.28515625,0.0,0.001953125,0.00390625,-37.75,13.3125,-27.25
2024-07-04 01:42:05,8.421875,1.41796875,5.25,0.001953125,0.001953125,-0.01171875,-38.5,12.1875,-28.4375
2024-07-04 01:42:06,8.421875,1.41796875,5.28515625,0.00390625,0.001953125,-0.013671875,-38.125,13.6875,-28.0
2024-07-04 01:42:07,8.421875,1.41796875,5.28515625,-0.0078125,0.0,0.01171875,-38.125,14.8125,-28.4375
2024-07-04 01:42:08,8.421875,1.41796875,5.28515625,0.005859375,-0.00390625,-0.01171875,-37.375,11.8125,-27.625
2024-07-04 01:42:09,8.421875,1.41796875,5.28515625,0.0,0.005859375,-0.01171875,-37.75,14.0625,-26.4375
2024-07-04 01:42:10,8.42578125,1.41796875,5.32421875,-0.001953125,0.001953125,0.0,-37.375,12.9375,-29.25
2024-07-04 01:42:11,8.421875,1.41796875,5.28515625,-0.005859375,0.0078125,0.0,-37.75,13.6875,-28.0
2024-07-04 01:42:12,8.42578125,1.41796875,5.32421875,0.0078125,0.001953125,0.0,-37.375,13.3125,-28.8125
2024-07-04 01:42:13,8.42578125,1.41796875,5.32421875,0.00390625,0.00390625,-0.001953125,-37.0,12.5625,-28.0625
2024-07-04 01:42:14,8.42578125,1.41796875,5.32421875,-0.0078125,0.005859375,0.0,-38.125,14.0625,-28.0625
2024-07-04 01:42:15,8.42578125,1.41796875,5.32421875,-0.00390625,-0.005859375,0.0,-37.75,14.4375,-28.0625
2024-07-04 01:42:16,8.42578125,1.41796875,5.32421875,-0.001953125,-0.001953125,0.00390625,-38.5,12.9375,-28.8125
2024-07-04 01:42:17,8.42578125,1.41796875,5.32421875,0.001953125,-0.001953125,-0.001953125,-38.5,12.9375,-28.0
2024-07-04 01:42:18,8.42578125,1.41796875,5.32421875,0.0,0.0,0.0,-37.375,14.0625,-29.625
2024-07-04 01:42:19,8.42578125,1.45703125,5.32421875,-0.00390625,-0.00390625,0.0,-38.125,12.9375,-28.4375
2024-07-04 01:42:20,8.390625,1.41796875,5.32421875,0.0,0.0,-0.00390625,-37.75,14.0625,-26.8125
2024-07-04 01:42:21,8.42578125,1.41796875,5.32421875,0.001953125,-0.005859375,0.00390625,-38.125,14.4375,-26.4375
2024-07-04 01:42:22,8.42578125,1.41796875,5.32421875,0.001953125,0.00390625,-0.001953125,-38.875,14.0625,-28.875
2024-07-04 01:42:23,8.390625,1.41796875,5.32421875,0.001953125,-0.001953125,-0.0078125,-38.125,15.1875,-29.625
2024-07-04 01:42:24,8.42578125,1.41796875,5.32421875,0.001953125,0.00390625,-0.005859375,-38.125,12.1875,-27.25
2024-07-04 01:42:25,8.390625,1.41796875,5.32421875,0.0078125,-0.001953125,-0.005859375,-38.5,13.6875,-27.625
2024-07-04 01:42:26,8.42578125,1.41796875,5.32421875,-0.001953125,-0.00390625,-0.001953125,-38.125,14.0625,-28.8125
2024-07-04 01:42:27,8.390625,1.41796875,5.32421875,0.00390625,-0.001953125,-0.001953125,-38.5,11.8125,-27.625
2024-07-04 01:42:28,8.42578125,1.41796875,5.32421875,-0.005859375,0.0,0.0,-37.75,14.0625,-28.0625
2024-07-04 01:42:29,8.390625,1.41796875,5.32421875,0.001953125,-0.001953125,0.001953125,-37.75,13.6875,-28.4375
2024-07-04 01:42:30,8.39453125,1.41796875,5.36328125,-0.00390625,0.00390625,0.001953125,-38.125,13.6875,-28.0625
2024-07-04 01:42:31,8.39453125,1.41796875,5.36328125,0.00390625,-0.0078125,0.001953125,-38.125,15.1875,-29.25
2024-07-04 01:42:32,8.39453125,1.41796875,5.36328125,0.0078125,-0.001953125,-0.005859375,-37.0,11.8125,-28.8125
2024-07-04 01:42:33,8.390625,1.41796875,5.32421875,-0.001953125,-0.00390625,-0.0078125,-38.5,14.4375,-29.25
2024-07-04 01:42:34,8.39453125,1.37890625,5.36328125,0.0,-0.005859375,-0.00390625,-38.5,11.8125,-28.0625
2024-07-04 01:42:35,8.39453125,1.41796875,5.36328125,0.001953125,0.005859375,0.0,-36.625,11.8125,-29.25
2024-07-04 01:42:36,8.39453125,1.41796875,5.36328125,-0.001953125,0.005859375,0.005859375,-37.375,12.5625,-30.4375
2024-07-04 01:42:37,8.39453125,1.41796875,5.36328125,0.00390625,-0.00390625,-0.009765625,-37.375,12.5625,-27.625
2024-07-04 01:42:38,8.39453125,1.41796875,5.36328125,-0.0078125,0.00390625,0.0,-38.125,12.1875,-28.0625
2024-07-04 01:42:39,8.3515625,1.41796875,5.36328125,0.01171875,0.0,-0.01171875,-37.75,13.6875,-29.25
2024-07-04 01:42:40,8.421875,1.41796875,5.40234375,0.013671875,-0.013671875,-0.0078125,-38.5,12.9375,-26.0625
2024-07-04 01:42:41,8.39453125,1.41796875,5.36328125,0.00390625,-0.005859375,-0.0234375,-37.75,12.9375,-28.875
2024-07-04 01:42:42,8.39453125,1.41796875,5.36328125,0.0078125,0.001953125,-0.005859375,-38.125,14.4375,-29.25
2024-07-04 01:42:43,8.39453125,1.41796875,5.36328125,-0.01171875,-0.00390625,0.001953125,-37.0,11.4375,-28.4375
2024-07-04 01:42:44,8.3515625,1.41796875,5.36328125,0.00390625,-0.009765625,0.0,-37.375,13.6875,-29.25
2024-07-04 01:42:45,8.39453125,1.41796875,5.36328125,0.01171875,-0.001953125,-0.00390625,-37.375,13.6875,-29.625
2024-07-04 01:42:46,8.39453125,1.41796875,5.36328125,0.0,-0.005859375,-0.005859375,-38.125,12.1875,-25.625
2024-07-04 01:42:47,8.39453125,1.41796875,5.36328125,0.0,0.0,0.0,-37.0,12.1875,-28.0625
2024-07-04 01:42:48,8.39453125,1.41796875,5.36328125,0.0,0.0,0.0,-37.0,13.6875,-29.625
2024-07-04 01:42:50,8.3515625,1.41796875,5.40234375,0.0,0.0,0.0,-37.375,13.3125,-27.25
2024-07-04 01:42:51,8.3515625,1.41796875,5.40234375,0.001953125,-0.0078125,-0.0078125,-37.75,14.0625,-27.25
2024-07-04 01:42:52,8.39453125,1.41796875,5.36328125,0.0,0.0,0.0,-37.75,15.5625,-28.875
2024-07-04 01:42:53,8.39453125,1.41796875,5.40234375,0.0,0.0,0.0,-36.625,13.3125,-27.6875
2024-07-04 01:42:54,8.3515625,1.41796875,5.36328125,0.0,0.005859375,0.0,-36.625,14.0625,-28.5
2024-07-04 01:42:55,8.3515625,1.41796875,5.40234375,0.00390625,-0.00390625,-0.01171875,-38.125,12.5625,-29.25
2024-07-04 01:42:56,8.3515625,1.41796875,5.40234375,0.0078125,-0.001953125,-0.0078125,-37.375,14.0625,-26.4375
2024-07-04 01:42:57,8.39453125,1.41796875,5.40234375,0.00390625,-0.005859375,-0.005859375,-38.5,14.8125,-29.25
2024-07-04 01:42:58,8.39453125,1.41796875,5.40234375,0.0,0.0,0.0,-37.0,13.6875,-29.25
2024-07-04 01:42:59,8.3515625,1.41796875,5.40234375,0.0,0.0,0.0,-37.0,12.5625,-28.0625
2024-07-04 01:43:00,8.3515625,1.41796875,5.36328125,0.01171875,-0.00390625,0.001953125,-37.75,13.3125,-29.3125
2024-07-04 01:43:01,8.39453125,1.41796875,5.40234375,0.001953125,0.001953125,0.0,-37.375,11.8125,-29.3125
2024-07-04 01:43:02,8.39453125,1.41796875,5.40234375,0.0,0.0,0.0,-37.75,13.6875,-29.25
2024-07-04 01:43:03,8.3515625,1.41796875,5.40234375,0.0,-0.00390625,-0.0078125,-38.125,13.3125,-28.0625
2024-07-04 01:43:04,8.3515625,1.41796875,5.40234375,0.0078125,-0.00390625,-0.001953125,-37.75,12.5625,-28.5
2024-07-04 01:43:05,8.39453125,1.41796875,5.40234375,0.0078125,-0.013671875,-0.005859375,-37.75,14.4375,-28.5
2024-07-04 01:43:06,8.3515625,1.41796875,5.40234375,0.001953125,0.0,0.001953125,-37.0,13.3125,-28.5
2024-07-04 01:43:07,8.3515625,1.41796875,5.40234375,0.001953125,-0.001953125,-0.0078125,-37.0,12.1875,-29.25
2024-07-04 01:43:08,8.3515625,1.41796875,5.40234375,0.00390625,-0.00390625,0.001953125,-37.75,14.0625,-29.25
2024-07-04 01:43:09,8.35546875,1.41796875,5.44140625,0.0078125,0.005859375,0.0,-38.125,11.4375,-29.25
2024-07-04 01:43:10,8.3515625,1.41796875,5.40234375,-0.001953125,0.0,-0.005859375,-37.75,12.5625,-29.25
2024-07-04 01:43:11,8.3515625,1.41796875,5.40234375,-0.0078125,-0.0078125,-0.001953125,-37.0,14.0625,-28.5
2024-07-04 01:43:12,8.35546875,1.41796875,5.44140625,0.0,0.0,0.0,-36.3125,12.5625,-29.25
2024-07-04 01:43:13,8.3515625,1.41796875,5.40234375,0.0,0.0,0.0,-38.875,12.9375,-25.25
2024-07-04 01:43:14,8.35546875,1.37890625,5.44140625,0.0,0.0,0.0,-37.0,12.9375,-27.6875
2024-07-04 01:43:15,8.35546875,1.37890625,5.44140625,0.0,0.00390625,0.001953125,-37.75,13.3125,-29.6875
2024-07-04 01:43:16,8.35546875,1.41796875,5.44140625,0.00390625,-0.0078125,0.001953125,-37.0,13.6875,-27.25
2024-07-04 01:43:17,8.35546875,1.41796875,5.44140625,0.0,-0.001953125,0.0,-37.375,13.3125,-28.875
2024-07-04 01:43:18,8.31640625,1.37890625,5.44140625,0.001953125,0.0,0.0,-37.0,12.9375,-29.25
2024-07-04 01:43:19,8.35546875,1.37890625,5.44140625,0.0,0.0,0.0,-37.75,12.9375,-29.25
2024-07-04 01:43:20,8.3515625,1.41796875,5.40234375,0.0,0.0,0.0,-37.375,11.4375,-29.3125
2024-07-04 01:43:21,8.35546875,1.41796875,5.44140625,0.0,0.0,0.0,-36.625,14.4375,-27.6875
2024-07-04 01:43:22,8.3515625,1.37890625,5.40234375,0.0,0.0,0.0,-37.75,13.6875,-28.5
2024-07-04 01:43:23,8.3125,1.41796875,5.40234375,0.0,0.0,0.0,-37.375,14.4375,-28.875
2024-07-04 01:43:24,8.35546875,1.41796875,5.44140625,0.0,0.0,0.0,-37.75,13.6875,-28.5
2024-07-04 01:43:25,8.3515625,1.41796875,5.40234375,0.00390625,0.0,-0.001953125,-37.0,12.1875,-27.6875
2024-07-04 01:43:26,8.35546875,1.41796875,5.44140625,0.0,0.005859375,0.00390625,-37.375,12.9375,-28.875
2024-07-04 01:43:27,8.35546875,1.37890625,5.44140625,-0.001953125,0.001953125,-0.005859375,-37.375,14.8125,-26.4375
2024-07-04 01:43:28,8.35546875,1.41796875,5.44140625,-0.001953125,-0.001953125,0.001953125,-37.375,13.6875,-30.0625
2024-07-04 01:43:29,8.35546875,1.37890625,5.44140625,0.00390625,-0.0078125,-0.005859375,-37.75,11.8125,-29.3125
2024-07-04 01:43:30,8.35546875,1.37890625,5.44140625,0.001953125,0.0078125,-0.001953125,-36.625,13.6875,-26.0625
2024-07-04 01:43:31,8.35546875,1.37890625,5.44140625,-0.001953125,-0.005859375,0.005859375,-37.375,14.0625,-29.3125
2024-07-04 01:43:32,8.35546875,1.37890625,5.44140625,-0.0078125,-0.001953125,0.001953125,-37.75,13.3125,-29.6875
2024-07-04 01:43:33,8.35546875,1.37890625,5.44140625,0.0,0.00390625,0.00390625,-37.75,14.4375,-28.875
2024-07-04 01:43:34,8.31640625,1.37890625,5.44140625,-0.0078125,-0.001953125,-0.00390625,-37.0,14.4375,-27.6875
2024-07-04 01:43:35,8.35546875,1.37890625,5.44140625,0.00390625,0.00390625,-0.005859375,-37.0,14.0625,-29.3125
2024-07-04 01:43:36,8.3125,1.37890625,5.4765625,0.0078125,-0.01953125,0.001953125,-37.375,13.6875,-29.25
2024-07-04 01:43:37,8.31640625,1.37890625,5.44140625,-0.0078125,0.017578125,0.001953125,-36.6875,13.6875,-27.6875
2024-07-04 01:43:38,8.3515625,1.37890625,5.4765625,-0.00390625,-0.00390625,-0.001953125,-37.75,13.3125,-28.5
2024-07-04 01:43:39,8.31640625,1.37890625,5.44140625,0.00390625,0.005859375,-0.009765625,-38.5,13.3125,-29.3125
2024-07-04 01:43:40,8.35546875,1.33984375,5.44140625,0.0,0.0,0.0,-38.5,12.9375,-29.6875
2024-07-04 01:43:41,8.31640625,1.33984375,5.44140625,0.0,0.0,0.0,-37.375,14.8125,-27.25
2024-07-04 01:43:42,8.3125,1.37890625,5.4765625,-0.001953125,-0.0078125,-0.05859375,-38.125,15.1875,-28.875
2024-07-04 01:43:43,8.31640625,1.33984375,5.44140625,0.0,0.009765625,-0.001953125,-37.75,12.5625,-28.5
2024-07-04 01:43:44,8.3515625,1.37890625,5.4765625,-0.01171875,-0.005859375,0.001953125,-36.3125,12.5625,-28.5
2024-07-04 01:43:45,8.3515625,1.37890625,5.4765625,0.0,0.0,0.0,-37.0,12.1875,-28.875
2024-07-04 01:43:46,8.35546875,1.33984375,5.44140625,0.0,0.0,0.0,-36.6875,12.1875,-27.6875
2024-07-04 01:43:47,8.3515625,1.37890625,5.4765625,0.0,0.0,0.0,-37.375,13.3125,-28.0625
2024-07-04 01:43:48,8.35546875,1.37890625,5.44140625,0.0,0.0,0.0,-37.0,13.6875,-26.0625
2024-07-04 01:43:49,8.35546875,1.37890625,5.44140625,0.0,0.0,0.0,-38.5,12.9375,-28.875
2024-07-04 01:43:50,8.3125,1.37890625,5.4765625,0.0,0.0,0.0,-37.375,12.1875,-28.875
2024-07-04 01:43:52,8.3515625,1.37890625,5.4765625,0.001953125,0.005859375,-0.001953125,-37.0,13.3125,-28.875
2024-07-04 01:43:53,8.3125,1.37890625,5.4765625,-0.00390625,0.0078125,0.0,-37.75,14.0625,-28.875
2024-07-04 01:43:54,8.35546875,1.33984375,5.44140625,0.0,0.0,-0.001953125,-36.6875,14.4375,-29.6875
2024-07-04 01:43:55,8.3515625,1.37890625,5.4765625,-0.001953125,-0.005859375,0.00390625,-37.375,12.9375,-28.0625
2024-07-04 01:43:56,8.3125,1.33984375,5.4765625,-0.001953125,0.001953125,-0.0078125,-37.0,14.0625,-28.0625
2024-07-04 01:43:57,8.3125,1.33984375,5.4765625,0.00390625,-0.001953125,-0.0078125,-36.625,14.0625,-28.0625
2024-07-04 01:43:58,8.3125,1.33984375,5.4765625,0.0,0.0,0.0,-38.5,15.1875,-29.3125
2024-07-04 01:43:59,8.3125,1.33984375,5.4765625,-0.00390625,0.0,0.009765625,-37.375,15.5625,-28.875
2024-07-04 01:44:00,8.3515625,1.33984375,5.4765625,0.0078125,-0.001953125,-0.001953125,-36.3125,15.1875,-26.5
2024-07-04 01:44:01,8.3515625,1.37890625,5.4765625,0.0,0.0,0.0,-36.6875,15.1875,-29.6875
2024-07-04 01:44:02,8.3125,1.33984375,5.4765625,0.001953125,0.0,0.005859375,-37.0,12.9375,-28.875
2024-07-04 01:44:03,8.3125,1.33984375,5.4765625,-0.00390625,0.0,0.001953125,-37.75,12.9375,-28.875
2024-07-04 01:44:04,8.3125,1.33984375,5.4765625,0.0,0.0,0.0,-36.3125,14.0625,-29.6875
2024-07-04 01:44:05,8.3125,1.33984375,5.4765625,0.0,0.0,0.0,-37.375,14.0625,-28.5
2024-07-04 01:44:06,8.3125,1.33984375,5.4765625,0.0,0.0,0.0,-35.9375,13.6875,-27.6875
2024-07-04 01:44:07,8.3125,1.33984375,5.4765625,0.0,0.0,0.0,-37.0,14.0625,-28.0625
2024-07-04 01:44:08,8.3125,1.33984375,5.4765625,0.0,0.0,0.0,-37.0,14.8125,-28.0625
2024-07-04 01:44:09,8.3125,1.33984375,5.4765625,0.001953125,-0.00390625,0.001953125,-37.0,13.6875,-28.0625
2024-07-04 01:44:10,8.3515625,1.33984375,5.4765625,0.0,-0.001953125,-0.001953125,-37.75,12.5625,-30.125
2024-07-04 01:44:11,8.3125,1.33984375,5.4765625,0.0,0.0,0.0,-37.0,12.9375,-28.875
2024-07-04 01:44:12,8.3125,1.37890625,5.4765625,0.0,0.0,0.0,-36.6875,14.4375,-29.6875
2024-07-04 01:44:13,8.31640625,1.33984375,5.515625,0.00390625,0.00390625,-0.00390625,-37.375,13.3125,-28.5
2024-07-04 01:44:14,8.3125,1.33984375,5.4765625,0.001953125,-0.001953125,0.0,-37.375,14.4375,-27.6875
2024-07-04 01:44:15,8.3125,1.33984375,5.4765625,-0.001953125,-0.005859375,0.0,-35.9375,14.4375,-28.875
2024-07-04 01:44:16,8.2734375,1.33984375,5.515625,-0.001953125,0.005859375,0.0,-37.75,12.9375,-30.125
2024-07-04 01:44:17,8.3125,1.33984375,5.4765625,-0.00390625,-0.001953125,-0.00390625,-36.3125,14.0625,-27.6875
2024-07-04 01:44:18,8.31640625,1.33984375,5.515625,0.021484375,-0.015625,-0.01171875,-36.6875,12.5625,-28.0625
2024-07-04 01:44:19,8.3125,1.33984375,5.4765625,0.00390625,0.0,-0.0078125,-36.6875,13.6875,-28.875
2024-07-04 01:44:20,8.31640625,1.33984375,5.515625,0.001953125,-0.00390625,-0.009765625,-37.0,14.4375,-28.875
2024-07-04 01:44:21,8.31640625,1.33984375,5.515625,0.0,-0.001953125,-0.01171875,-36.6875,14.8125,-28.875
2024-07-04 01:44:22,8.31640625,1.33984375,5.515625,0.00390625,-0.001953125,-0.001953125,-38.125,14.0625,-28.875
2024-07-04 01:44:23,8.3125,1.33984375,5.4765625,0.0078125,-0.0078125,0.0078125,-36.3125,14.4375,-28.0625
2024-07-04 01:44:24,8.3125,1.33984375,5.4765625,0.0078125,-0.009765625,-0.01171875,-36.6875,14.4375,-28.0625
2024-07-04 01:44:25,8.3125,1.33984375,5.4765625,0.0,0.0,0.0,-37.0,13.6875,-28.0625
2024-07-04 01:44:26,8.3125,1.33984375,5.4765625,-0.0078125,-0.001953125,0.009765625,-36.6875,14.4375,-29.6875
2024-07-04 01:44:27,8.3125,1.33984375,5.4765625,0.001953125,0.0,-0.005859375,-37.0,12.9375,-26.5
2024-07-04 01:44:28,8.31640625,1.33984375,5.515625,0.0,0.0,0.0,-35.9375,13.6875,-29.6875
2024-07-04 01:44:29,8.31640625,1.33984375,5.515625,-0.00390625,0.0078125,0.00390625,-37.0,14.0625,-28.875
2024-07-04 01:44:30,8.31640625,1.33984375,5.515625,0.00390625,0.0078125,0.001953125,-36.6875,13.6875,-26.5
2024-07-04 01:44:31,8.31640625,1.33984375,5.515625,0.0,0.0,0.0,-36.3125,13.3125,-28.125
2024-07-04 01:44:32,8.3125,1.33984375,5.4765625,0.00390625,-0.009765625,0.0,-37.0,14.4375,-29.6875
2024-07-04 01:44:33,8.2734375,1.33984375,5.5546875,0.00390625,-0.015625,-0.005859375,-36.6875,13.3125,-27.6875
2024-07-04 01:44:34,8.3125,1.33984375,5.4765625,-0.0078125,-0.00390625,0.00390625,-36.6875,15.5625,-28.5
2024-07-04 01:44:35,8.31640625,1.33984375,5.515625,0.0,0.0,0.0,-37.375,12.9375,-28.125
2024-07-04 01:44:36,8.3125,1.33984375,5.4765625,-0.005859375,0.00390625,0.01171875,-36.6875,11.4375,-30.125
2024-07-04 01:44:37,8.31640625,1.33984375,5.515625,-0.00390625,0.01171875,0.005859375,-37.0,13.3125,-28.5
2024-07-04 01:44:38,8.31640625,1.33984375,5.515625,0.0,0.0,0.0,-37.0,14.0625,-28.5
2024-07-04 01:44:39,8.31640625,1.33984375,5.5546875,0.00390625,-0.005859375,-0.005859375,-37.75,14.0625,-28.875
2024-07-04 01:44:40,8.31640625,1.33984375,5.515625,0.00390625,0.001953125,0.001953125,-36.6875,14.0625,-27.6875
2024-07-04 01:44:41,8.31640625,1.33984375,5.515625,0.0,0.0,0.0,-37.75,14.0625,-29.3125
2024-07-04 01:44:42,8.31640625,1.33984375,5.515625,0.0,0.0,0.0,-37.0,12.1875,-29.6875
2024-07-04 01:44:43,8.2734375,1.33984375,5.515625,0.0,0.0,0.0,-37.375,12.1875,-29.6875
2024-07-04 01:44:44,8.2734375,1.33984375,5.515625,0.0,0.0,0.0,-36.3125,15.5625,-26.875
2024-07-04 01:44:45,8.3125,1.33984375,5.4765625,0.0,0.0,0.0,-36.6875,12.9375,-28.5
2024-07-04 01:44:46,8.31640625,1.33984375,5.515625,0.0,0.0,0.0,-36.6875,13.6875,-28.9375
2024-07-04 01:44:47,8.31640625,1.33984375,5.515625,0.0,0.0,0.0,-36.6875,12.1875,-27.6875
2024-07-04 01:44:48,8.31640625,1.33984375,5.515625,0.001953125,0.001953125,0.0,-37.0,14.4375,-29.6875
2024-07-04 01:44:49,8.27734375,1.33984375,5.4765625,-0.001953125,-0.00390625,0.0,-36.3125,14.0625,-30.125
2024-07-04 01:44:50,8.2734375,1.33984375,5.515625,0.0,-0.005859375,-0.0078125,-36.3125,13.6875,-29.3125
2024-07-04 01:44:51,8.2734375,1.33984375,5.515625,0.0,0.0,0.0,-37.75,13.3125,-28.5
2024-07-04 01:44:53,8.2734375,1.33984375,5.515625,-0.00390625,0.0078125,0.00390625,-35.9375,13.3125,-29.3125
2024-07-04 01:44:54,8.31640625,1.33984375,5.515625,-0.001953125,0.001953125,0.001953125,-37.375,14.8125,-25.6875
2024-07-04 01:44:55,8.2734375,1.33984375,5.515625,0.0078125,0.00390625,0.00390625,-37.75,14.4375,-28.5
2024-07-04 01:44:56,8.2734375,1.33984375,5.515625,0.0,0.0,0.0,-37.0,14.4375,-27.6875
2024-07-04 01:44:57,8.2734375,1.33984375,5.5546875,0.0,0.0,0.0,-36.3125,14.4375,-26.875
2024-07-04 01:44:58,8.2734375,1.33984375,5.515625,0.00390625,-0.00390625,-0.0078125,-35.5625,13.6875,-29.6875
2024-07-04 01:44:59,8.2734375,1.33984375,5.515625,0.00390625,0.00390625,-0.00390625,-36.6875,12.5625,-29.3125
2024-07-04 01:45:00,8.3125,1.33984375,5.4765625,-0.00390625,0.0,-0.00390625,-36.6875,13.6875,-30.125
2024-07-04 01:45:01,8.2734375,1.33984375,5.515625,0.001953125,0.001953125,0.005859375,-36.3125,13.3125,-26.875
2024-07-04 01:45:02,8.31640625,1.33984375,5.515625,0.0,0.0,0.0,-37.375,14.4375,-28.9375
2024-07-04 01:45:03,8.2734375,1.33984375,5.515625,0.0078125,-0.013671875,-0.005859375,-36.3125,12.5625,-29.6875
2024-07-04 01:45:04,8.2734375,1.33984375,5.515625,-0.00390625,0.0,0.001953125,-37.0,14.0625,-27.6875
2024-07-04 01:45:05,8.31640625,1.33984375,5.5546875,-0.00390625,0.001953125,0.001953125,-37.0,15.875,-28.875
2024-07-04 01:45:06,8.31640625,1.33984375,5.515625,0.0,-0.005859375,-0.001953125,-36.6875,14.4375,-29.6875
2024-07-04 01:45:07,8.2734375,1.33984375,5.5546875,0.0,0.0,0.0,-36.6875,13.6875,-29.3125
2024-07-04 01:45:08,8.2734375,1.33984375,5.5546875,0.0,0.0,0.0,-36.3125,14.4375,-29.6875
2024-07-04 01:45:09,8.2734375,1.33984375,5.515625,0.0,0.0,0.0,-37.375,15.875,-29.3125
2024-07-04 01:45:10,8.2734375,1.33984375,5.5546875,0.0,0.0,0.0,-37.75,14.4375,-29.3125
2024-07-04 01:45:11,8.2734375,1.33984375,5.515625,0.0,0.0,0.0,-37.375,14.8125,-28.5
2024-07-04 01:45:12,8.2734375,1.33984375,5.5546875,0.0,0.0,0.0,-37.375,15.1875,-29.6875
2024-07-04 01:45:13,8.2734375,1.33984375,5.5546875,0.009765625,-0.00390625,-0.001953125,-36.3125,11.4375,-28.5
2024-07-04 01:45:14,8.2734375,1.33984375,5.5546875,-0.005859375,-0.009765625,-0.001953125,-37.0,16.25,-27.3125
2024-07-04 01:45:15,8.2734375,1.33984375,5.515625,0.0,0.0,0.0,-37.0,13.3125,-30.125
2024-07-04 01:45:16,8.31640625,1.33984375,5.515625,0.0,0.0,0.0,-36.3125,12.9375,-29.6875
2024-07-04 01:45:17,8.2734375,1.33984375,5.5546875,0.0,0.0,0.0,-36.6875,14.4375,-26.0625
2024-07-04 01:45:18,8.2734375,1.33984375,5.5546875,0.0,0.0,0.0,-37.0,14.4375,-28.875
2024-07-04 01:45:19,8.2734375,1.33984375,5.5546875,0.0,0.0,0.0,-36.6875,12.5625,-30.5
2024-07-04 01:45:20,8.2734375,1.33984375,5.5546875,0.0,0.0,0.0,-35.9375,12.5625,-28.5
2024-07-04 01:45:21,8.2734375,1.33984375,5.5546875,0.00390625,-0.005859375,-0.005859375,-35.9375,15.1875,-28.125
2024-07-04 01:45:22,8.2734375,1.33984375,5.515625,0.001953125,-0.005859375,-0.001953125,-37.0625,12.5625,-29.75
2024-07-04 01:45:23,8.2734375,1.33984375,5.5546875,0.0,-0.001953125,-0.009765625,-36.6875,14.4375,-29.3125
2024-07-04 01:45:24,8.2734375,1.33984375,5.5546875,0.0,-0.00390625,-0.005859375,-36.6875,14.0625,-28.5
2024-07-04 01:45:25,8.2734375,1.33984375,5.5546875,0.0,0.0,0.0,-35.9375,13.6875,-29.3125
2024-07-04 01:45:26,8.2734375,1.33984375,5.5546875,0.0,0.0,0.0,-35.1875,14.8125,-29.3125
2024-07-04 01:45:27,8.2734375,1.33984375,5.5546875,0.001953125,-0.005859375,-0.0078125,-37.375,15.875,-27.6875
2024-07-04 01:45:28,8.2734375,1.33984375,5.5546875,0.0,0.0,0.0,-37.375,11.4375,-29.3125
2024-07-04 01:45:29,8.2734375,1.33984375,5.5546875,0.0,0.0,0.0,-36.3125,13.6875,-30.125
2024-07-04 01:45:30,8.2734375,1.33984375,5.5546875,0.0,0.0,0.0,-36.3125,16.25,-27.6875
2024-07-04 01:45:31,8.2734375,1.33984375,5.5546875,0.0,0.0,0.0,-36.6875,13.3125,-29.3125
2024-07-04 01:45:32,8.2734375,1.33984375,5.515625,0.0,0.0,0.0,-36.3125,12.9375,-29.6875
2024-07-04 01:45:33,8.2734375,1.33984375,5.5546875,0.0,0.0,0.0,-36.6875,14.0625,-26.875
2024-07-04 01:45:34,8.2734375,1.33984375,5.5546875,0.0,0.0,0.0,-35.9375,13.6875,-29.3125
2024-07-04 01:45:35,8.31640625,1.33984375,5.5546875,0.00390625,0.0,0.005859375,-36.3125,15.875,-28.9375
2024-07-04 01:45:36,8.2734375,1.33984375,5.5546875,-0.001953125,-0.001953125,0.00390625,-37.0,13.6875,-30.125
2024-07-04 01:45:37,8.2734375,1.33984375,5.5546875,0.0,0.0,0.0,-35.9375,12.9375,-28.9375
2024-07-04 01:45:38,8.2734375,1.33984375,5.515625,-0.001953125,-0.005859375,0.00390625,-37.75,12.5625,-29.3125
2024-07-04 01:45:39,8.2734375,1.33984375,5.5546875,0.0,0.0,0.0,-36.3125,12.9375,-29.3125
2024-07-04 01:45:40,8.2734375,1.33984375,5.5546875,0.0,0.0,0.0,-35.9375,13.6875,-28.0625
2024-07-04 01:45:41,8.2734375,1.33984375,5.5546875,0.0,0.0,0.0,-35.9375,12.9375,-28.9375
2024-07-04 01:45:42,8.2734375,1.33984375,5.5546875,-0.001953125,-0.001953125,-0.00390625,-35.5625,14.0625,-28.125
2024-07-04 01:45:43,8.2734375,1.33984375,5.5546875,0.001953125,0.0,0.005859375,-36.3125,11.8125,-28.9375
2024-07-04 01:45:44,8.27734375,1.30078125,5.5546875,0.001953125,0.001953125,0.001953125,-36.6875,13.6875,-28.9375
2024-07-04 01:45:45,8.2734375,1.33984375,5.5546875,-0.009765625,0.001953125,0.0,-36.6875,12.9375,-30.125
2024-07-04 01:45:46,8.2734375,1.33984375,5.5546875,-0.001953125,0.005859375,0.005859375,-35.9375,14.8125,-27.6875
2024-07-04 01:45:47,8.2734375,1.33984375,5.5546875,0.001953125,0.00390625,0.005859375,-35.9375,15.1875,-29.3125
2024-07-04 01:45:48,8.2734375,1.33984375,5.5546875,0.00390625,0.001953125,-0.001953125,-37.0,13.3125,-29.6875
2024-07-04 01:45:49,8.2734375,1.33984375,5.5546875,-0.001953125,0.001953125,0.00390625,-37.0625,12.9375,-29.3125
2024-07-04 01:45:50,8.2734375,1.33984375,5.5546875,-0.005859375,0.0,0.001953125,-37.375,13.6875,-29.6875
2024-07-04 01:45:51,8.2734375,1.33984375,5.5546875,-0.00390625,0.0078125,0.0,-36.6875,14.8125,-29.6875
2024-07-04 01:45:53,8.2734375,1.33984375,5.5546875,0.00390625,-0.0078125,-0.001953125,-35.9375,12.5625,-29.75
2024-07-04 01:45:54,8.2734375,1.33984375,5.5546875,-0.001953125,0.005859375,0.001953125,-36.6875,14.0625,-26.5
2024-07-04 01:45:55,8.2734375,1.33984375,5.5546875,0.0,0.0,0.0,-36.3125,13.3125,-28.125
2024-07-04 01:45:56,8.27734375,1.33984375,5.59375,0.0,0.0,0.0,-35.9375,13.3125,-29.3125
2024-07-04 01:45:57,8.2734375,1.33984375,5.5546875,0.0,0.0,0.0,-36.6875,13.3125,-29.6875
2024-07-04 01:45:58,8.2734375,1.33984375,5.5546875,0.0,0.0,0.0,-36.3125,13.6875,-29.6875
2024-07-04 01:45:59,8.2734375,1.33984375,5.5546875,0.00390625,-0.001953125,-0.005859375,-37.0625,14.8125,-30.5
2024-07-04 01:46:00,8.27734375,1.30078125,5.5546875,0.0,0.00390625,-0.0078125,-37.0,11.4375,-28.125
2024-07-04 01:46:01,8.234375,1.33984375,5.5546875,-0.00390625,0.005859375,-0.005859375,-35.1875,14.0625,-27.6875
2024-07-04 01:46:02,8.2734375,1.33984375,5.5546875,0.0,0.0,0.0,-37.0625,15.1875,-28.9375
2024-07-04 01:46:03,8.2734375,1.33984375,5.5546875,0.0078125,0.001953125,-0.0078125,-36.3125,15.5625,-28.9375
2024-07-04 01:46:04,8.2734375,1.33984375,5.5546875,-0.001953125,-0.001953125,0.0,-36.3125,13.6875,-28.9375
2024-07-04 01:46:05,8.2734375,1.33984375,5.5546875,0.0,0.0,0.0,-35.5625,12.9375,-30.5625
2024-07-04 01:46:06,8.2734375,1.33984375,5.515625,0.0,0.01171875,-0.005859375,-37.0625,13.3125,-30.125
2024-07-04 01:46:07,8.2734375,1.33984375,5.5546875,0.0,-0.001953125,-0.001953125,-36.3125,13.6875,-29.6875
2024-07-04 01:46:08,8.2734375,1.33984375,5.5546875,-0.00390625,0.005859375,0.00390625,-36.3125,12.5625,-26.125
2024-07-04 01:46:09,8.27734375,1.33984375,5.59375,0.00390625,0.00390625,-0.00390625,-36.6875,12.5625,-30.5
2024-07-04 01:46:10,8.27734375,1.33984375,5.59375,0.0,0.0,-0.001953125,-35.9375,12.9375,-29.75
2024-07-04 01:46:11,8.234375,1.33984375,5.5546875,0.0,0.0,0.0,-37.0625,15.1875,-30.125
2024-07-04 01:46:12,8.2734375,1.33984375,5.5546875,0.0,0.0,0.0,-36.6875,14.0625,-27.6875
2024-07-04 01:46:13,8.27734375,1.33984375,5.59375,-0.00390625,-0.013671875,-0.015625,-35.9375,14.0625,-28.9375
2024-07-04 01:46:14,8.2734375,1.33984375,5.5546875,0.0,0.0078125,0.0,-36.6875,15.1875,-29.75
2024-07-04 01:46:15,8.27734375,1.33984375,5.59375,0.0078125,-0.00390625,-0.00390625,-35.5625,11.0625,-27.3125
2024-07-04 01:46:16,8.23828125,1.33984375,5.59375,0.0,-0.00390625,-0.001953125,-35.9375,14.8125,-29.75
2024-07-04 01:46:17,8.23828125,1.33984375,5.59375,0.0,0.00390625,0.0,-37.75,14.8125,-29.75
2024-07-04 01:46:18,8.27734375,1.33984375,5.59375,-0.001953125,0.0,-0.001953125,-35.5625,14.8125,-29.3125
2024-07-04 01:46:19,8.23828125,1.33984375,5.59375,-0.001953125,-0.00390625,-0.013671875,-36.3125,12.1875,-28.5
2024-07-04 01:46:20,8.23828125,1.33984375,5.59375,0.0,-0.005859375,-0.0078125,-36.6875,13.6875,-29.3125
2024-07-04 01:46:21,8.2734375,1.33984375,5.5546875,0.0,0.0,0.0,-36.3125,13.6875,-28.5
2024-07-04 01:46:22,8.234375,1.33984375,5.5546875,0.0,0.0,0.0,-37.375,14.8125,-26.875
2024-07-04 01:46:23,8.27734375,1.33984375,5.59375,0.0,0.0,0.0,-36.6875,15.1875,-29.6875
2024-07-04 01:46:24,8.2734375,1.33984375,5.5546875,0.0,0.0,0.0,-35.9375,12.1875,-28.9375
2024-07-04 01:46:25,8.2734375,1.33984375,5.5546875,0.0,0.0,0.0,-36.6875,13.3125,-25.3125
2024-07-04 01:46:26,8.23828125,1.33984375,5.59375,0.00390625,-0.01171875,-0.005859375,-37.375,13.6875,-30.125
2024-07-04 01:46:27,8.27734375,1.33984375,5.59375,0.001953125,0.00390625,-0.00390625,-35.5625,11.4375,-29.3125
2024-07-04 01:46:28,8.23828125,1.33984375,5.59375,0.0,0.0,-0.001953125,-36.3125,12.5625,-29.3125
2024-07-04 01:46:29,8.27734375,1.33984375,5.59375,0.001953125,-0.0078125,-0.001953125,-37.0,12.9375,-29.6875
2024-07-04 01:46:30,8.27734375,1.33984375,5.59375,0.009765625,0.00390625,-0.00390625,-36.6875,14.8125,-29.6875
2024-07-04 01:46:31,8.23828125,1.33984375,5.59375,0.0,0.0,0.0,-36.6875,12.9375,-30.5
2024-07-04 01:46:32,8.23828125,1.33984375,5.59375,0.0,0.0,0.0,-35.9375,14.0625,-28.125
2024-07-04 01:46:33,8.234375,1.33984375,5.5546875,0.0078125,-0.001953125,0.001953125,-35.5625,14.4375,-30.125
2024-07-04 01:46:34,8.23828125,1.33984375,5.59375,0.0078125,-0.025390625,0.009765625,-36.3125,12.1875,-29.3125
2024-07-04 01:46:35,8.234375,1.30078125,5.6328125,0.005859375,-0.0078125,-0.02734375,-35.9375,12.5625,-29.3125
2024-07-04 01:46:36,8.23828125,1.33984375,5.59375,0.009765625,-0.009765625,-0.0078125,-36.6875,12.9375,-28.5
2024-07-04 01:46:37,8.23828125,1.33984375,5.59375,0.0,0.0,-0.005859375,-37.0625,13.6875,-29.3125
2024-07-04 01:46:38,8.23828125,1.33984375,5.59375,0.00390625,-0.001953125,-0.001953125,-37.75,13.6875,-29.3125
2024-07-04 01:46:39,8.27734375,1.33984375,5.59375,0.0,-0.005859375,-0.0078125,-35.9375,14.0625,-28.125
2024-07-04 01:46:40,8.2734375,1.33984375,5.5546875,-0.001953125,0.0078125,0.00390625,-35.5625,13.3125,-30.125
2024-07-04 01:46:41,8.23828125,1.33984375,5.59375,0.0,0.001953125,0.001953125,-34.4375,11.8125,-29.6875
2024-07-04 01:46:42,8.23828125,1.33984375,5.59375,0.001953125,0.001953125,0.0,-35.5625,16.25,-26.0625
